"Genotype","Replicate","AUDPC_Total","AUDPC_Necrosis","AUDPC_Chlorosis","Max_Total_Severity","Days_Measured"
"1","1",9.4266,2.59135,6.83525,2.8109,4
"1","2",89.54695,11.3622,78.18475,58.8437,4
"1","3",8.3948,3.92705,4.46775,3.6951,4
"10","1",115.4532,56.8002,58.653,52.2763,4
"10","2",4.01605,1.3641,2.65195,2.0785,4
"10","3",2.6045,0.7365,1.868,0.9813,4
"100","1",53.93015,15.2668,38.66335,25.0757,4
"100","2",119.3562,1.72445,117.63175,77.0395,4
"100","3",186.80345,121.64635,65.1571,71.3943,4
"101","1",29.38605,23.90255,5.4835,8.0097,4
"101","2",3.30615,0.8251,2.48105,1.4737,4
"101","3",0.9896,0.0876,0.902,0.5598,4
"102","1",556.8233,495.4351,61.3882,99.8922,4
"102","2",353.1737,319.4073,33.7664,99.9966,4
"102","3",1.67575,0.3385,1.33725,0.7272,4
"103","1",155.6663,69.9533,85.713,54.5507,4
"103","2",398.31905,394.4618,3.85725,99.9881,4
"104","1",5.6539,3.55295,2.10095,3.3769,4
"104","2",10.40195,3.1525,7.24945,6.0014,4
"104","3",1.45635,0.1879,1.26845,1.0183,4
"105","1",0.89755,0.0702,0.82735,0.1665,4
"105","2",18.09785,2.99485,15.103,11.2272,4
"105","3",14.30385,4.7111,9.59275,8.7388,4
"106","1",3.4141,1.19865,2.21545,1.8852,4
"106","2",1.2343,0.0415,1.1928,0.6286,4
"106","3",97.11315,57.74125,39.3719,55.2715,4
"107","1",145.25895,52.52055,92.7384,87.9357,4
"107","2",5.4206,0.73225,4.68835,3.0751,4
"107","3",1.8221,0.25735,1.56475,0.4328,4
"108","1",286.9472,232.8945,54.0527,85.5845,4
"108","2",3.17635,0.7406,2.43575,1.1525,4
"108","3",23.67345,15.0482,8.62525,13.5762,4
"109","2",7.1826,1.9646,5.218,3.3293,4
"109","3",12.47085,4.63345,7.8374,4.6045,4
"11","1",3.43035,0.84545,2.5849,1.4414,4
"11","2",20.75805,3.7522,17.00585,12.9353,4
"11","3",25.9692,12.65095,13.31825,16.2016,4
"110","1",125.49055,98.05825,27.4323,41.3337,4
"110","2",332.57575,288.9084,43.66735,99.9654,4
"110","3",565.3394,456.6982,108.6412,99.9772,4
"111","1",248.8269,202.2899,46.537,61.8168,4
"111","2",2.0759,0.5043,1.5716,0.5132,4
"111","3",0.57995,0.20225,0.3777,0.2237,4
"112","1",191.45795,129.0905,62.36745,99.4583,4
"112","2",38.30325,19.8731,18.43015,25.4222,4
"113","1",1.3203,0.04805,1.27225,0.5201,4
"113","2",22.5624,1.8407,20.7217,14.0873,4
"113","3",578.8893,484.4146,94.4747,98.786,4
"114","2",8.65195,3.0772,5.57475,4.9239,4
"115","1",7.90585,1.49135,6.4145,2.8424,4
"115","2",48.588,8.4414,40.1466,31.3655,4
"115","3",127.2487,69.0832,58.1655,54.0926,4
"116","2",4.8599,0.75145,4.10845,2.0318,4
"116","3",2.24705,0.39655,1.8505,0.4169,4
"117","1",2.04715,0.3412,1.70595,0.9435,4
"117","2",7.79195,0.37965,7.4123,4.2086,4
"118","1",3.49085,0.4701,3.02075,1.548,4
"118","2",65.7411,10.27135,55.46975,41.7939,4
"118","3",11.15605,5.74005,5.416,4.4709,4
"119","1",0.81915,0.1158,0.70335,0.2197,4
"119","2",3.05985,1.0504,2.00945,0.7836,4
"119","3",9.02885,1.96375,7.0651,5.6548,4
"12","1",0.5754,0.07115,0.50425,0.193,4
"12","2",7.57245,1.01205,6.5604,3.7328,4
"12","3",63.1111,22.9625,40.1486,29.4721,4
"120","1",2.03245,0.2925,1.73995,0.7787,4
"120","2",152.2512,99.649,52.6022,99.9827,4
"121","1",9.5327,1.0455,8.4872,4.1878,4
"121","2",3.6305,0.3475,3.283,1.4064,4
"121","3",17.38225,5.66905,11.7132,10.1457,4
"122","1",27.27735,3.01165,24.2657,15.5487,4
"122","2",151.6427,45.91235,105.73035,94.4728,4
"122","3",64.31245,32.57515,31.7373,41.6008,4
"123","2",123.0431,5.8019,117.2412,80.0088,4
"123","3",116.25105,79.50585,36.7452,67.0156,4
"124","2",18.5185,3.60325,14.91525,8.9625,4
"124","3",11.47985,1.09885,10.381,2.0367,4
"125","1",4.366,0.8155,3.5505,2.2952,4
"125","2",5.4846,0.6994,4.7852,2.4576,4
"125","3",162.3645,122.01465,40.34985,87.6681,4
"126","1",207.0881,118.2091,88.879,78.5918,4
"126","2",277.3337,231.4653,45.8684,99.9691,4
"127","1",50.92495,3.5265,47.39845,30.7168,4
"127","2",35.193,7.7437,27.4493,22.8761,4
"127","3",9.95975,5.5826,4.37715,5.4829,4
"128","1",6.32255,1.62235,4.7002,2.0954,4
"128","2",5.7749,1.3877,4.3872,1.799,4
"128","3",58.982,25.30885,33.67315,38.4188,4
"129","1",6.8686,0.8879,5.9807,2.206,4
"129","2",2.87395,0.27415,2.5998,1.4271,4
"129","3",94.79305,63.75455,31.0385,55.9196,4
"13","1",4.66625,1.07765,3.5886,1.2904,4
"13","2",4.2947,1.2924,3.0023,2.4603,4
"13","3",89.9356,15.62115,74.31445,58.4685,4
"130","1",8.4151,1.12695,7.28815,2.974,4
"130","2",152.03785,26.10175,125.9361,98.6133,4
"130","3",548.4523,230.87455,317.57775,97.416,4
"131","1",13.10165,2.2152,10.88645,4.6435,4
"131","2",24.41555,3.2874,21.12815,11.3822,4
"131","3",16.4845,4.7782,11.7063,8.7701,4
"132","1",115.59775,25.171,90.42675,69.2235,4
"132","2",56.3018,1.13855,55.16325,36.293,4
"132","3",270.64765,138.34875,132.2989,97.5834,4
"133","1",146.06705,79.2536,66.81345,72.9078,4
"133","2",60.60375,22.54615,38.0576,37.8399,4
"133","3",33.21735,23.682,9.53535,20.901,4
"134","1",67.57075,29.5823,37.98845,34.0596,4
"134","3",2.1995,0.51035,1.68915,0.7818,4
"135","1",8.42715,1.1715,7.25565,2.3416,4
"135","2",19.997,8.2728,11.7242,12.9975,4
"135","3",272.1887,187.38085,84.80785,99.694,4
"136","1",306.5388,227.047,79.4918,96.0374,4
"136","2",6.6627,3.57735,3.08535,2.1042,4
"136","3",7.15095,2.08895,5.062,4.6193,4
"137","1",5.4526,2.1103,3.3423,1.8441,4
"137","2",197.20515,152.77995,44.4252,99.9918,4
"137","3",36.32225,10.3107,26.01155,23.5156,4
"138","1",211.8416,153.3527,58.4889,67.9748,4
"138","2",1.62455,0.11575,1.5088,0.9217,4
"138","3",2.9216,0.81,2.1116,0.5853,4
"139","1",186.0938,119.91345,66.18035,81.1444,4
"139","2",14.9792,1.7886,13.1906,8.4414,4
"139","3",474.19685,285.20175,188.9951,99.0292,4
"14","1",5.05435,1.1616,3.89275,2.7398,4
"14","2",3.1014,1.17335,1.92805,0.9676,4
"14","3",2.951,1.0268,1.9242,0.9322,4
"140","1",1.6496,0.7535,0.8961,0.7194,4
"140","2",5.6415,1.9522,3.6893,2.7107,4
"141","1",7.86335,1.90205,5.9613,3.2571,4
"141","2",11.915,3.7187,8.1963,6.4844,4
"141","3",46.0529,27.2933,18.7596,28.8681,4
"142","1",7.8018,2.38065,5.42115,3.578,4
"142","2",7.33105,0.2718,7.05925,4.4734,4
"142","3",58.2186,23.25925,34.95935,35.3495,4
"143","1",96.80075,6.99205,89.8087,60.0242,4
"143","2",62.3067,6.31655,55.99015,41.1965,4
"143","3",11.0792,4.87255,6.20665,5.7486,4
"144","1",3.67195,0.3961,3.27585,1.0366,4
"145","1",46.90965,15.3065,31.60315,28.2507,4
"146","1",1.9672,0.3623,1.6049,0.8774,4
"146","2",210.62725,122.4047,88.22255,98.9317,4
"146","3",185.09715,94.9154,90.18175,95.09,4
"147","1",268.63595,229.94685,38.6891,99.7814,4
"147","2",4.4814,1.6626,2.8188,1.2327,4
"148","1",7.33355,0.99015,6.3434,4.3198,4
"148","2",5.17555,1.56885,3.6067,1.6961,4
"148","3",13.68505,8.79875,4.8863,7.84,4
"149","1",2.9516,0.15315,2.79845,1.3487,4
"149","2",43.3766,3.59245,39.78415,26.841,4
"15","2",144.6738,98.51575,46.15805,96.176,4
"150","1",110.05305,17.0943,92.95875,68.7524,4
"150","2",3.93865,0.9651,2.97355,1.5751,4
"150","3",165.9552,98.24835,67.70685,65.2565,4
"151","1",8.17115,2.0562,6.11495,3.96,4
"151","2",11.0235,3.00425,8.01925,6.7916,4
"151","3",93.0592,24.8566,68.2026,57.8974,4
"152","1",2.58045,0.18325,2.3972,1.0656,4
"152","2",94.2361,1.4375,92.7986,60.4025,4
"152","3",11.9789,1.08955,10.88935,7.4123,4
"153","1",3.4588,0.9016,2.5572,1.7647,4
"153","2",150.99845,56.5957,94.40275,82.9141,4
"153","3",7.61385,3.77255,3.8413,3.0075,4
"154","1",6.10445,0.85495,5.2495,3.2381,4
"154","3",30.4417,3.46005,26.98165,18.9264,4
"155","1",7.43325,2.23415,5.1991,3.7078,4
"155","2",220.2183,145.33495,74.88335,98.548,4
"156","1",2.8829,0.56145,2.32145,0.7641,4
"156","2",56.2086,13.31035,42.89825,31.2834,4
"156","3",12.14805,4.7562,7.39185,6.7596,4
"157","1",2.56845,0.08225,2.4862,1.5373,4
"157","2",40.21635,1.0987,39.11765,25.9579,4
"157","3",1.78005,0.16705,1.613,0.9153,4
"158","1",181.46055,104.96225,76.4983,91.9693,4
"158","2",98.01345,19.6773,78.33615,63.7293,4
"158","3",1.02095,0.54395,0.477,0.5764,4
"159","1",11.5505,0.529,11.0215,7.2079,4
"159","2",39.94575,3.15415,36.7916,24.7196,4
"159","3",36.6317,16.98975,19.64195,23.3044,4
"16","1",0.8781,0.10905,0.76905,0.2541,4
"16","2",14.2057,1.07035,13.13535,8.4778,4
"16","3",41.53655,26.267,15.26955,22.9075,4
"160","1",3.71855,0.6833,3.03525,1.0122,4
"160","2",105.1338,28.89175,76.24205,64.5019,4
"160","3",81.1579,56.70935,24.44855,49.2536,4
"161","1",415.4296,355.5956,59.834,99.6668,4
"161","2",123.2234,29.48,93.7434,80.9726,4
"161","3",25.8413,12.51035,13.33095,14.7088,4
"162","1",6.4618,2.28405,4.17775,2.5022,4
"162","2",1.98015,0.0199,1.96025,0.935,4
"162","3",1.68715,0.15935,1.5278,0.3207,4
"163","1",160.18695,114.00145,46.1855,91.6934,4
"163","2",23.89095,4.05135,19.8396,15.3004,4
"163","3",62.65065,35.1147,27.53595,33.0975,4
"164","1",37.35565,11.95585,25.3998,17.4658,4
"164","2",101.73725,25.597,76.14025,62.2567,4
"164","3",8.641,2.41065,6.23035,5.0072,4
"165","1",378.03795,295.2049,82.83305,94.4314,4
"165","2",13.0432,2.9692,10.074,7.2589,4
"165","3",62.1479,41.02275,21.12515,26.4055,4
"166","1",8.1793,1.3791,6.8002,5.0516,4
"166","2",4.7882,0.32355,4.46465,2.5485,4
"166","3",0.4184,0.0353,0.3831,0.1468,4
"167","1",155.41685,65.66125,89.7556,89.9587,4
"167","2",40.05815,2.72075,37.3374,23.6459,4
"167","3",488.379,279.42475,208.95425,95.7558,4
"168","1",90.5067,25.07025,65.43645,47.2951,4
"168","2",39.67205,1.37165,38.3004,24.8393,4
"168","3",3.31535,0.26045,3.0549,1.224,4
"169","1",2.208,0.2704,1.9376,1.0786,4
"169","2",144.8129,60.10765,84.70525,95.0057,4
"169","3",46.8421,17.75475,29.08735,29.6577,4
"17","1",3.96895,1.78935,2.1796,2.4662,4
"17","2",96.5642,49.1399,47.4243,62.3603,4
"17","3",13.0068,7.23985,5.76695,7.6249,4
"170","1",83.51135,51.34555,32.1658,54.52,4
"170","2",44.28655,9.45605,34.8305,28.3514,4
"171","1",403.6203,308.63335,94.98695,97.8166,4
"171","2",5.2482,2.5449,2.7033,2.3536,4
"171","3",10.07325,8.18635,1.8869,6.215,4
"172","1",137.35855,49.3632,87.99535,72.1692,4
"172","2",0.8731,0.1169,0.7562,0.3701,4
"172","3",17.87705,5.43855,12.4385,11.0769,4
"173","1",66.5458,39.12915,27.41665,33.1638,4
"173","2",7.7715,1.6712,6.1003,4.0813,4
"174","1",5.93675,1.32945,4.6073,3.3293,4
"174","2",365.02225,310.38405,54.6382,99.995,4
"174","3",52.166,24.6454,27.5206,27.2933,4
"175","1",145.4888,45.2402,100.2486,88.7312,4
"175","2",110.45445,39.9829,70.47155,70.6915,4
"175","3",3.219,0.6279,2.5911,1.125,4
"176","1",29.9755,4.3084,25.6671,18.0312,4
"176","2",46.29615,3.17335,43.1228,27.6188,4
"176","3",17.23795,7.23485,10.0031,10.5798,4
"177","1",144.33595,93.23345,51.1025,50.9819,4
"177","2",279.62905,246.83745,32.7916,99.9767,4
"177","3",95.2784,52.8351,42.4433,59.244,4
"178","1",27.9729,11.2839,16.689,13.6264,4
"178","2",13.8237,3.35165,10.47205,8.3825,4
"178","3",29.7925,10.05515,19.73735,18.3719,4
"179","1",409.54315,338.1426,71.40055,95.2778,4
"179","2",23.7882,10.0839,13.7043,14.6125,4
"179","3",179.10495,152.78745,26.3175,99.7392,4
"180","1",441.9935,358.41,83.5835,97.2455,4
"180","2",0.67175,0.0027,0.66905,0.247,4
"180","3",368.9086,240.5964,128.3122,98.6093,4
"181","1",1.856,0.20165,1.65435,1.0995,4
"181","2",1.84805,0.31755,1.5305,0.7841,4
"181","3",9.94325,5.7316,4.21165,6.0864,4
"182","1",35.32515,5.90985,29.4153,21.3436,4
"182","2",1.98325,0.6245,1.35875,1.0896,4
"182","3",53.2126,33.34495,19.86765,24.7738,4
"183","1",5.63985,1.40825,4.2316,1.505,4
"183","2",256.9649,218.5418,38.4231,99.6323,4
"183","3",18.739,5.20165,13.53735,11.1042,4
"184","1",9.70885,1.5787,8.13015,5.4509,4
"184","2",3.7129,0.59555,3.11735,1.6232,4
"184","3",17.29095,6.95315,10.3378,10.9447,4
"185","1",4.89905,1.09825,3.8008,4.1933,4
"185","2",6.84775,2.6352,4.21255,2.4182,4
"185","3",53.337,29.85615,23.48085,30.3722,4
"186","1",9.4353,1.3153,8.12,3.2141,4
"186","2",1.34825,0.02375,1.3245,0.6776,4
"186","3",9.25635,5.36,3.89635,3.967,4
"187","1",5.3961,1.74595,3.65015,2.1682,4
"187","2",63.3565,19.44545,43.91105,37.4389,4
"187","3",11.5096,7.3704,4.1392,7.3316,4
"188","1",2.75765,0.83245,1.9252,1.4015,4
"188","2",2.91785,0.43135,2.4865,1.1098,4
"188","3",93.3019,49.44385,43.85805,55.46,4
"189","1",53.3498,6.7513,46.5985,34.2559,4
"189","2",49.4101,7.5547,41.8554,31.8883,4
"189","3",2.5133,1.6838,0.8295,1.4634,4
"19","2",66.15265,4.0944,62.05825,42.4388,4
"19","3",132.3088,67.4387,64.8701,63.8021,4
"190","1",13.80665,3.839,9.96765,5.3558,4
"190","2",13.84855,0.7143,13.13425,8.6937,4
"190","3",70.91785,46.7306,24.18725,45.738,4
"191","1",153.62635,54.36965,99.2567,95.2274,4
"191","2",2.18655,0.1111,2.07545,1.3134,4
"191","3",11.7009,7.6529,4.048,6.6357,4
"192","1",4.2054,0.616,3.5894,1.9155,4
"192","2",305.50805,255.9296,49.57845,99.9624,4
"193","1",415.19615,354.4622,60.73395,98.2445,4
"194","1",230.80565,174.8548,55.95085,97.4783,4
"194","2",81.57605,34.56545,47.0106,53.184,4
"194","3",7.78595,2.47095,5.315,4.438,4
"195","1",269.75135,219.97145,49.7799,88.0443,4
"195","2",11.0956,2.69245,8.40315,5.1458,4
"195","3",457.86545,382.6103,75.25515,97.9127,4
"196","1",237.0247,182.4215,54.6032,80.9038,4
"196","2",3.89995,0.6917,3.20825,1.4761,4
"196","3",28.4269,17.8674,10.5595,16.1709,4
"197","1",205.43185,144.6766,60.75525,77.8804,4
"197","2",92.99535,52.45705,40.5383,52.1825,4
"197","3",22.59785,5.11445,17.4834,13.8307,4
"198","1",4.032,0.8815,3.1505,1.6767,4
"198","2",4.09585,0.52675,3.5691,2.5017,4
"199","1",303.43595,239.5971,63.83885,99.2148,4
"199","2",268.3458,189.66035,78.68545,98.5876,4
"199","3",39.80955,17.5324,22.27715,26.4473,4
"2","2",7.96495,2.9573,5.00765,4.2717,4
"2","3",41.98835,21.38555,20.6028,24.5924,4
"20","1",33.03885,15.48035,17.5585,14.9156,4
"20","2",3.7995,1.0985,2.701,2.2342,4
"20","3",1.4019,0.2926,1.1093,0.3305,4
"200","1",2.46055,0.29815,2.1624,1.3789,4
"200","2",309.9863,270.7597,39.2266,99.9974,4
"200","3",13.29735,6.50495,6.7924,6.417,4
"201","1",2.6136,0.73455,1.87905,1.5719,4
"201","2",1.57465,0.61865,0.956,0.8943,4
"201","3",2.3929,0.90705,1.48585,0.9006,4
"202","1",18.9357,2.40365,16.53205,11.6455,4
"202","2",32.46715,2.2088,30.25835,20.9812,4
"202","3",25.92125,11.8619,14.05935,15.1569,4
"203","1",462.70275,362.52795,100.1748,99.7442,4
"203","2",134.7157,38.63615,96.07955,88.5271,4
"203","3",20.686,12.13945,8.54655,11.5351,4
"204","1",2.7514,0.1576,2.5938,1.2657,4
"204","2",26.7183,4.11615,22.60215,17.5577,4
"204","3",3.80515,2.3684,1.43675,2.4267,4
"205","1",119.61095,21.19365,98.4173,76.1199,4
"205","2",7.08505,2.69465,4.3904,4.5538,4
"205","3",253.78855,156.17845,97.6101,96.8994,4
"206","1",161.55185,103.10125,58.4506,98.9203,4
"206","2",94.98955,45.42445,49.5651,62.7621,4
"206","3",344.39655,219.752,124.64455,99.8598,4
"207","1",45.26295,19.5515,25.71145,21.4458,4
"207","2",63.7165,11.6624,52.0541,38.0723,4
"207","3",185.4286,93.9077,91.5209,71.1143,4
"208","1",139.7775,78.705,61.0725,36.5092,4
"208","2",130.37715,107.8202,22.55695,83.0115,4
"208","3",1.437,0.32585,1.11115,0.8009,4
"209","1",137.4219,93.04395,44.37795,44.0471,4
"209","2",19.5835,3.5707,16.0128,10.1158,4
"209","3",4.29985,1.6929,2.60695,2.3369,4
"21","1",448.0872,373.75215,74.33505,99.1722,4
"21","2",161.9241,58.15925,103.76485,98.3868,4
"21","3",30.46635,16.2384,14.22795,19.3776,4
"210","1",65.1175,30.6616,34.4559,26.0296,4
"210","2",31.5579,16.9518,14.6061,16.3785,4
"210","3",38.7036,12.88675,25.81685,24.5685,4
"211","1",38.14635,12.0897,26.05665,18.1055,4
"211","2",28.402,5.53215,22.86985,17.5435,4
"211","3",20.44005,9.9288,10.51125,13.4177,4
"212","1",14.9949,6.4127,8.5822,3.575,4
"212","2",27.78305,3.14005,24.643,16.1361,4
"212","3",185.82735,116.93525,68.8921,80.3162,4
"213","1",179.0148,99.8338,79.181,97.6618,4
"213","2",6.05115,1.2766,4.77455,3.6889,4
"213","3",2.0519,1.1115,0.9404,1.0126,4
"214","2",18.4563,6.2126,12.2437,11.3556,4
"214","3",62.5176,34.5491,27.9685,30.6925,4
"215","1",28.588,8.16205,20.42595,8.9204,4
"215","2",41.31355,8.11705,33.1965,23.5763,4
"215","3",39.60805,22.7284,16.87965,14.1896,4
"216","2",105.00215,49.1066,55.89555,53.6457,4
"216","3",151.9485,81.61805,70.33045,77.137,4
"217","1",3.2626,0.65185,2.61075,1.5546,4
"217","2",123.25445,76.8033,46.45115,79.1021,4
"217","3",17.1134,7.9294,9.184,9.7856,4
"218","1",41.34805,9.3387,32.00935,13.8134,4
"218","2",148.9795,63.11875,85.86075,90.0201,4
"218","3",67.0052,48.7255,18.2797,28.0596,4
"219","1",1.46045,0.16215,1.2983,1.1867,4
"219","2",0.8956,0.0595,0.8361,0.4195,4
"219","3",39.02175,17.27165,21.7501,23.2963,4
"22","2",2.66435,0.70975,1.9546,0.6793,4
"22","3",1.986,0.16365,1.82235,0.9004,4
"220","1",3.39415,1.2958,2.09835,1.6591,4
"220","2",3.08805,0.056,3.03205,1.888,4
"220","3",146.4883,102.2002,44.2881,87.0586,4
"221","1",12.61905,5.7572,6.86185,3.4565,4
"221","2",1.35075,0.12885,1.2219,0.3935,4
"221","3",29.00835,15.26325,13.7451,14.3582,4
"222","1",4.3433,0.1221,4.2212,2.088,4
"222","2",60.24725,16.3355,43.91175,38.5566,4
"223","1",1.2527,0.20925,1.04345,0.5404,4
"223","3",13.36805,2.1859,11.18215,8.2934,4
"224","1",5.08545,0.2314,4.85405,1.2844,4
"224","2",91.8777,16.80135,75.07635,57.7397,4
"224","3",2.09405,0.4611,1.63295,0.8699,4
"225","1",431.4028,374.3708,57.032,99.7117,4
"225","2",153.6789,86.05825,67.62065,99.6562,4
"225","3",159.58335,123.9512,35.63215,96.5858,4
"226","1",285.236,215.52145,69.71455,93.1053,4
"226","2",7.85215,0.1313,7.72085,4.7645,4
"226","3",374.3582,187.06765,187.29055,98.6537,4
"227","1",2.9199,0.4614,2.4585,1.2163,4
"227","2",4.53,0.79025,3.73975,1.8995,4
"227","3",23.13505,8.10355,15.0315,14.4652,4
"228","1",7.5274,2.1015,5.4259,1.9521,4
"228","2",40.96235,6.61095,34.3514,25.7785,4
"228","3",27.34485,11.35005,15.9948,16.6102,4
"229","1",10.67155,2.59,8.08155,4.2134,4
"229","2",38.75045,9.59005,29.1604,22.7425,4
"229","3",32.0104,10.9613,21.0491,19.6857,4
"23","1",498.95075,349.4379,149.51285,95.593,4
"23","3",4.0883,0,4.0883,1.312,4
"230","1",5.28075,1.03815,4.2426,1.4551,4
"230","2",93.0698,32.74355,60.32625,53.4583,4
"230","3",253.6315,156.6152,97.0163,95.9776,4
"231","1",2.3633,0.31045,2.05285,1.158,4
"231","3",287.82975,196.24025,91.5895,99.841,4
"232","1",54.67345,40.84225,13.8312,18.3148,4
"232","2",144.32315,91.3036,53.01955,86.2557,4
"232","3",100.5143,62.1251,38.3892,50.3482,4
"233","1",0.1059,0.0165,0.0894,0.0199,4
"234","1",2.61335,0.81125,1.8021,0.9899,4
"234","2",31.09605,7.06225,24.0338,20.1123,4
"235","1",5.47165,0.748,4.72365,3.3399,4
"236","1",99.49765,47.0358,52.46185,45.2485,4
"236","2",18.3723,5.15675,13.21555,10.6877,4
"236","3",3.63875,0.6812,2.95755,1.9599,4
"237","1",2.89085,0.9825,1.90835,1.7011,4
"238","1",86.66,32.49765,54.16235,54.4137,4
"238","2",3.86525,0.7915,3.07375,1.6863,4
"239","1",25.8845,17.50045,8.38405,11.116,4
"239","2",29.81215,9.8183,19.99385,19.6781,4
"239","3",5.62105,2.48655,3.1345,2.527,4
"24","1",1.7145,0.0606,1.6539,1.081,4
"24","2",197.05865,166.18015,30.8785,98.3822,4
"24","3",194.5086,143.79835,50.71025,56.9509,4
"240","1",167.5404,146.74185,20.79855,99.6578,4
"240","2",1.80845,0.6764,1.13205,0.5015,4
"241","1",0.6324,0.0841,0.5483,0.2061,4
"241","2",5.9457,1.79625,4.14945,3.2674,4
"241","3",47.68615,23.2692,24.41695,31.5893,4
"242","1",553.6209,485.9517,67.6692,99.4179,4
"242","2",196.67965,134.9276,61.75205,98.7901,4
"243","1",11.0209,3.41885,7.60205,4.8376,4
"243","2",45.7524,7.2048,38.5476,29.3762,4
"243","3",196.96585,139.70665,57.2592,97.3955,4
"244","1",6.5103,2.4543,4.056,4.0208,4
"244","2",4.26105,1.91435,2.3467,2.0143,4
"244","3",1.29965,0.2284,1.07125,0.652,4
"245","1",3.10245,0.0604,3.04205,0.9517,4
"245","2",20.7836,2.40885,18.37475,10.5212,4
"245","3",1.0758,0.0407,1.0351,0.284,4
"246","1",374.9487,307.04485,67.90385,98.0834,4
"246","2",2.08525,0.0371,2.04815,1.1115,4
"246","3",52.6368,33.6275,19.0093,31.6607,4
"247","1",16.78255,4.1704,12.61215,4.2668,4
"247","2",236.84745,161.07925,75.7682,99.9369,4
"247","3",395.8925,298.2013,97.6912,94.6453,4
"248","1",5.64485,2.03465,3.6102,2.115,4
"248","2",25.23925,5.86405,19.3752,15.6518,4
"248","3",6.6611,2.11195,4.54915,3.7371,4
"249","1",9.5761,0.9984,8.5777,3.4579,4
"249","2",5.1087,0.7646,4.3441,1.7942,4
"249","3",156.7708,96.01905,60.75175,64.279,4
"25","1",2.0448,0.1879,1.8569,0.5042,4
"25","2",47.3138,5.3873,41.9265,30.7059,4
"25","3",22.04945,14.76705,7.2824,13.6633,4
"250","1",7.80515,4.75845,3.0467,4.0003,4
"250","2",6.58515,1.57715,5.008,2.6653,4
"251","1",40.67255,5.4819,35.19065,24.7966,4
"251","2",40.7654,1.22935,39.53605,26.2257,4
"251","3",150.60755,112.8431,37.76445,98.36,4
"252","1",274.1459,211.7434,62.4025,96.1283,4
"252","2",5.00045,1.13,3.87045,1.5136,4
"252","3",21.22785,11.63125,9.5966,13.3199,4
"253","1",2.8082,0.9089,1.8993,0.4896,4
"253","2",14.1662,2.30795,11.85825,8.0476,4
"253","3",60.4993,44.19195,16.30735,32.7444,4
"254","1",0.7209,0.0403,0.6806,0.2033,4
"254","2",208.7995,140.81645,67.98305,96.788,4
"254","3",15.03065,8.8649,6.16575,8.3833,4
"255","1",82.7569,28.80595,53.95095,48.2969,4
"255","3",2.5901,0.6352,1.9549,0.6754,4
"256","1",3.2434,0.7515,2.4919,0.963,4
"257","1",278.19745,161.16635,117.0311,94.4564,4
"257","2",385.869,356.2075,29.6615,96.813,4
"257","3",113.65045,9.3769,104.27355,72.7487,4
"258","1",3.2199,1.46855,1.75135,1.0718,4
"258","2",4.69845,0.14995,4.5485,2.1661,4
"258","3",7.71965,0.24325,7.4764,4.8688,4
"259","1",48.9923,30.16245,18.82985,22.0731,4
"259","2",98.36085,21.234,77.12685,63.4473,4
"259","3",3.63035,1.6316,1.99875,1.4846,4
"26","1",56.2744,22.33055,33.94385,15.7687,4
"26","2",29.29335,16.045,13.24835,12.4256,4
"26","3",4.4501,1.3756,3.0745,2.137,4
"260","1",3.01795,0.97375,2.0442,1.6068,4
"260","3",8.56675,4.45775,4.109,4.0662,4
"261","1",321.8564,236.5607,85.2957,76.5722,4
"261","2",35.8173,9.8404,25.9769,22.9746,4
"261","3",27.32825,19.4124,7.91585,14.7298,4
"262","1",1.76695,0.2696,1.49735,0.621,4
"262","2",7.0334,0.9409,6.0925,3.1641,4
"262","3",5.38345,1.82595,3.5575,2.2713,4
"263","1",286.19295,204.07695,82.116,98.8458,4
"263","2",164.5853,96.83735,67.74795,94.107,4
"263","3",2.77405,0.4676,2.30645,0.9134,4
"264","1",9.1333,2.7784,6.3549,3.2234,4
"264","2",8.70145,1.0399,7.66155,4.6849,4
"264","3",16.3499,11.921,4.4289,9.5445,4
"265","1",2.9746,0.22,2.7546,1.2163,4
"265","2",0.81535,0.0132,0.80215,0.2354,4
"265","3",61.75045,39.4389,22.31155,27.4004,4
"266","1",447.98095,342.0556,105.92535,99.3844,4
"266","2",11.84935,1.78665,10.0627,5.5045,4
"266","3",26.31285,10.72585,15.587,13.8159,4
"267","1",3.9926,0.25515,3.73745,2.1446,4
"267","2",8.08705,0.7644,7.32265,3.2706,4
"267","3",48.9132,17.67315,31.24005,27.6347,4
"268","1",58.73365,22.1175,36.61615,30.9098,4
"268","2",8.74555,2.06895,6.6766,3.594,4
"268","3",3.2707,0.10045,3.17025,0.8586,4
"269","1",6.7982,0.34485,6.45335,3.8162,4
"269","2",8.19885,0.9675,7.23135,4.4549,4
"269","3",4.7981,1.14975,3.64835,2.0955,4
"27","1",133.9159,58.9834,74.9325,80.7837,4
"27","2",64.1629,6.21055,57.95235,41.258,4
"27","3",11.4334,5.0766,6.3568,7.3973,4
"270","1",23.85525,4.3077,19.54755,8.6487,4
"270","2",84.9081,6.5863,78.3218,54.7172,4
"270","3",19.8274,8.09705,11.73035,12.383,4
"271","1",3.6829,1.0174,2.6655,1.9159,4
"271","2",252.0522,188.16735,63.88485,99.9914,4
"272","1",0.8128,0,0.8128,0.3174,4
"272","2",86.37535,31.11855,55.2568,53.9794,4
"273","1",4.90865,0.9908,3.91785,1.4526,4
"273","2",20.89995,0.91685,19.9831,12.1015,4
"273","3",7.5499,4.50715,3.04275,4.6072,4
"274","1",1.4567,0.2302,1.2265,0.6593,4
"274","2",3.1445,0.58035,2.56415,0.9713,4
"276","1",5.0759,0.5494,4.5265,1.4028,4
"277","1",1.2996,0.0791,1.2205,0.5642,4
"277","2",38.28195,6.53575,31.7462,21.3064,4
"277","3",144.9574,82.43145,62.52595,65.2713,4
"279","1",289.1288,235.24125,53.88755,99.7595,4
"279","2",134.24255,29.81445,104.4281,87.4549,4
"279","3",8.62585,4.69555,3.9303,3.1641,4
"28","1",133.09,47.94195,85.14805,70.6737,4
"28","2",4.8175,1.1862,3.6313,2.2084,4
"28","3",78.65065,37.5602,41.09045,51.4893,4
"280","1",2.2136,0.8559,1.3577,0.9687,4
"280","2",2.81825,0.1899,2.62835,1.5392,4
"280","3",1.7813,0.8287,0.9526,0.9173,4
"281","1",17.6316,2.67165,14.95995,8.0722,4
"281","2",65.524,34.14275,31.38125,43.037,4
"281","3",75.6013,31.2916,44.3097,46.3775,4
"282","1",36.6224,6.10255,30.51985,19.7892,4
"282","2",27.13715,4.0048,23.13235,17.4189,4
"282","3",31.89035,22.18535,9.705,17.4895,4
"283","1",431.8321,341.4969,90.3352,96.1447,4
"283","2",2.5641,0.1321,2.432,1.2774,4
"283","3",80.4508,41.56695,38.88385,39.7688,4
"284","1",23.4739,4.29105,19.18285,10.2174,4
"284","2",35.99855,8.7738,27.22475,22.5523,4
"284","3",13.1843,5.2779,7.9064,7.0468,4
"285","1",225.7943,190.6087,35.1856,99.7839,4
"285","2",15.1206,0.83655,14.28405,9.4978,4
"285","3",226.46915,160.55755,65.9116,99.8624,4
"286","1",83.28505,38.62805,44.657,51.5746,4
"286","3",99.413,28.71955,70.69345,64.7851,4
"287","1",1.0865,0.04105,1.04545,0.4857,4
"287","2",6.02925,2.22335,3.8059,1.9549,4
"287","3",34.60025,14.93915,19.6611,21.2673,4
"288","1",0.2997,0.0664,0.2333,0.1095,4
"288","2",3.85625,0.1563,3.69995,2.3204,4
"289","1",6.42035,1.2451,5.17525,2.2798,4
"289","2",7.66195,1.66,6.00195,3.6635,4
"29","1",2.8078,0.7698,2.038,1.0895,4
"29","2",2.06385,0.5071,1.55675,0.5677,4
"29","3",0.2725,0.0174,0.2551,0.1179,4
"290","1",196.24195,163.61295,32.629,99.7625,4
"290","2",2.3569,0.3775,1.9794,1.1208,4
"290","3",148.89805,93.28495,55.6131,75.4209,4
"291","1",8.2346,1.9043,6.3303,3.7787,4
"291","2",68.8026,18.86155,49.94105,42.1673,4
"291","3",139.13515,78.6875,60.44765,69.7933,4
"292","1",35.8133,4.07325,31.74005,21.93,4
"292","2",20.0191,4.4769,15.5422,11.2459,4
"292","3",70.02685,32.66275,37.3641,40.0878,4
"293","1",13.6785,2.8025,10.876,8.5822,4
"293","2",10.194,4.16515,6.02885,6.2978,4
"294","1",193.59675,133.6799,59.91685,71.6882,4
"294","2",26.68915,8.2733,18.41585,16.8375,4
"294","3",0.9936,0.17715,0.81645,0.2726,4
"295","1",13.44275,3.053,10.38975,8.7361,4
"295","2",58.2904,13.1468,45.1436,38.1291,4
"295","3",8.49035,4.3457,4.14465,4.5031,4
"296","1",23.98765,15.0266,8.96105,10.4947,4
"296","2",1.89715,0.07775,1.8194,0.7767,4
"296","3",4.82355,2.10635,2.7172,1.9411,4
"297","1",11.9064,4.0591,7.8473,2.1388,4
"297","2",3.05635,0.28915,2.7672,1.3376,4
"297","3",155.33975,84.051,71.28875,82.6779,4
"298","1",28.3112,4.3936,23.9176,18.1327,4
"298","2",2.88975,0.33085,2.5589,1.4696,4
"298","3",15.5806,8.51165,7.06895,8.8735,4
"299","1",138.88805,34.95205,103.936,81.5288,4
"299","2",51.33345,6.812,44.52145,33.4096,4
"299","3",294.9583,180.9124,114.0459,98.0126,4
"3","1",118.6257,48.45985,70.16585,64.4326,4
"3","2",167.05785,109.22785,57.83,77.745,4
"3","3",286.71985,170.502,116.21785,99.3626,4
"30","1",0.52265,0.04005,0.4826,0.1879,4
"300","1",4.95405,2.0097,2.94435,1.7473,4
"300","2",59.64515,39.4472,20.19795,28.5759,4
"300","3",3.6349,0.31215,3.32275,1.1473,4
"301","1",4.50585,0.843,3.66285,1.2608,4
"301","2",5.19885,0.5217,4.67715,2.7534,4
"302","1",3.68505,0.6056,3.07945,1.2759,4
"302","2",2.53025,1.0083,1.52195,1.281,4
"302","3",6.27095,2.6449,3.62605,3.803,4
"303","1",3.61745,0.6896,2.92785,1.6043,4
"303","2",286.3225,242.0129,44.3096,96.2019,4
"303","3",135.7527,82.82455,52.92815,83.9248,4
"304","1",109.7627,83.5798,26.1829,59.901,4
"304","2",2.5184,0.28675,2.23165,1.3838,4
"304","3",116.26165,38.80615,77.4555,69.8532,4
"305","1",7.11945,0.9249,6.19455,3.0581,4
"305","2",3.7698,0.8401,2.9297,2.1492,4
"305","3",8.63575,2.02245,6.6133,3.1601,4
"306","1",12.1971,3.65265,8.54445,6.7805,4
"306","2",97.4301,28.77275,68.65735,60.7725,4
"306","3",120.32945,79.50495,40.8245,55.5325,4
"307","1",4.96205,0.61385,4.3482,1.6528,4
"307","2",234.82755,190.0253,44.80225,90.2498,4
"307","3",36.1073,19.3526,16.7547,21.1705,4
"308","1",3.25215,0.3366,2.91555,1.9279,4
"308","2",14.5742,1.4205,13.1537,7.8954,4
"309","1",1.2843,0.1448,1.1395,0.4214,4
"309","2",15.5669,9.74,5.8269,10.0058,4
"309","3",3.95885,1.7583,2.20055,2.0646,4
"31","1",7.53125,1.1026,6.42865,1.9169,4
"31","2",1.3896,0.0056,1.384,0.8463,4
"310","1",15.2923,4.81775,10.47455,2.8731,4
"310","2",4.30245,1.06765,3.2348,2.6522,4
"310","3",0.1982,0.0018,0.1964,0.08,4
"311","2",3.66845,0.1298,3.53865,1.689,4
"311","3",4.62915,0.19565,4.4335,0.9686,4
"312","1",3.8327,2.49405,1.33865,1.0074,4
"312","2",2.1665,0.72245,1.44405,1.1501,4
"312","3",15.1018,1.7619,13.3399,9.1818,3
"313","1",10.7238,2.061,8.6628,3.5066,4
"313","2",44.48535,4.2202,40.26515,28.7662,4
"313","3",54.5518,24.0811,30.4707,34.853,3
"314","1",0.9962,0,0.9962,0.3317,4
"314","2",1.592,0.26125,1.33075,0.7274,4
"314","3",2.3446,0.835,1.5096,1.3049,4
"315","1",89.6885,38.27935,51.40915,40.8875,4
"315","2",139.3114,35.32175,103.98965,89.7007,4
"315","3",62.48615,31.8436,30.64255,40.5857,4
"316","3",508.2223,244.1607,264.0616,95.1467,4
"317","3",44.6006,19.7854,24.8152,23.9374,4
"318","1",3.67125,0.55015,3.1211,0.7214,4
"318","2",218.91045,138.9533,79.95715,99.3856,4
"318","3",0.8339,0.0151,0.8188,0.3501,4
"319","1",2.3,0.6912,1.6088,0.5972,4
"319","2",7.5954,0.95185,6.64355,3.6269,4
"319","3",16.2309,3.896,12.3349,10.1397,4
"32","1",6.07365,0.89695,5.1767,2.6215,4
"32","2",16.31655,0.7416,15.57495,10.3513,4
"320","2",7.9067,0.7047,7.202,2.4857,4
"320","3",157.87285,96.37365,61.4992,88.0994,4
"321","1",61.8525,25.3239,36.5286,17.5414,4
"326","1",6.45565,2.20285,4.2528,2.7561,4
"326","2",1.14745,0.13175,1.0157,0.532,4
"326","3",5.95265,1.82475,4.1279,3.9378,4
"327","1",4.18265,1.4289,2.75375,1.5918,4
"327","2",4.46445,2.20555,2.2589,1.5317,4
"327","3",16.01195,9.4883,6.52365,8.9096,4
"328","1",2.2861,0.3592,1.9269,1.0216,4
"328","2",2.72545,0.6356,2.08985,1.0672,4
"328","3",3.81095,1.7589,2.05205,2.3849,4
"33","1",3.8934,0.75665,3.13675,2.2223,4
"33","2",6.93825,1.7686,5.16965,2.4251,4
"33","3",1.07615,0.20925,0.8669,0.3609,4
"34","1",10.343,0.9101,9.4329,5.8765,4
"34","2",23.8216,2.79425,21.02735,14.935,4
"34","3",290.05595,157.7101,132.34585,99.8493,4
"35","1",151.46735,121.19795,30.2694,91.0092,4
"35","2",48.2419,22.24775,25.99415,28.3983,4
"35","3",1.15915,0.3241,0.83505,0.3356,4
"36","1",8.7039,2.20105,6.50285,3.9908,4
"36","2",21.9645,3.5556,18.4089,12.4417,4
"36","3",15.70495,5.9625,9.74245,6.2015,4
"37","1",1.6919,0.5426,1.1493,0.8324,4
"37","2",1.6028,0.42055,1.18225,0.4365,4
"38","1",78.64795,21.90875,56.7392,51.2481,4
"38","2",6.1216,1.4048,4.7168,3.0801,4
"38","3",1.8453,0.16525,1.68005,0.4598,4
"39","1",0.8774,0.0538,0.8236,0.4093,4
"39","2",3.8533,1.888,1.9653,1.0752,4
"39","3",112.8883,79.2422,33.6461,73.4705,4
"4","1",5.9862,1.33505,4.65115,1.7386,4
"4","2",2.1951,0.9459,1.2492,0.7078,4
"4","3",5.16745,1.1325,4.03495,3.2247,4
"40","1",20.65915,9.54625,11.1129,8.0936,4
"40","2",65.4163,6.4409,58.9754,41.4206,4
"41","1",2.4676,0.30065,2.16695,0.9937,4
"41","2",9.4828,2.06205,7.42075,5.3008,4
"41","3",60.92065,22.5243,38.39635,39.3406,4
"42","1",120.53585,79.18395,41.3519,68.883,4
"42","2",25.9414,6.55095,19.39045,15.666,4
"42","3",256.5286,172.1217,84.4069,78.5725,4
"43","1",1.0893,0.09445,0.99485,0.3343,4
"43","2",29.10705,2.49915,26.6079,18.6848,4
"43","3",3.5374,0.73585,2.80155,1.182,4
"44","1",135.81925,57.08255,78.7367,85.4538,4
"44","2",1.33185,0.2154,1.11645,0.6811,4
"44","3",4.07285,0.91315,3.1597,0.9821,4
"45","1",5.16575,0.2545,4.91125,3.1068,4
"45","2",4.11465,1.9092,2.20545,2.2131,4
"45","3",39.61245,21.829,17.78345,24.3967,4
"46","1",2.0894,0.65355,1.43585,0.7305,4
"46","2",8.36775,1.57795,6.7898,4.0883,4
"46","3",44.49215,3.6909,40.80125,25.7173,4
"47","1",2.9617,0.36205,2.59965,0.9904,4
"47","2",1.86035,0.0968,1.76355,0.578,4
"47","3",175.8356,97.8262,78.0094,74.9731,4
"48","1",160.0081,77.90295,82.10515,91.9645,4
"48","2",28.9061,9.7799,19.1262,18.6318,4
"48","3",2.2287,0.53495,1.69375,1.2119,4
"49","2",2.10175,0.3904,1.71135,0.6909,4
"5","1",7.6985,0.91615,6.78235,4.0775,4
"5","2",13.58775,2.83755,10.7502,6.8211,4
"5","3",12.03155,7.2976,4.73395,6.9297,4
"50","1",2.0506,0.5287,1.5219,1.327,3
"50","2",6.4715,2.4093,4.0622,3.9689,4
"50","3",24.4433,7.55645,16.88685,16.0767,4
"51","1",7.4474,1.8061,5.6413,3.2325,4
"51","2",5.7618,0.4683,5.2935,3.0766,4
"51","3",1.59965,0.02915,1.5705,1.0455,4
"52","1",127.0131,44.65155,82.36155,31.6132,4
"52","2",1.1212,0.4858,0.6354,0.6229,4
"53","1",1.68385,0.03215,1.6517,0.8571,4
"53","2",5.9444,1.7358,4.2086,2.1019,4
"53","3",19.14,9.5237,9.6163,10.6737,4
"54","1",11.9175,2.12755,9.78995,4.8402,4
"54","2",83.07915,12.38125,70.6979,52.4632,4
"54","3",76.31295,2.7512,73.56175,49.8342,4
"55","1",4.25605,0.56545,3.6906,2.281,4
"55","2",86.91525,41.186,45.72925,56.8984,4
"55","3",80.9124,16.8878,64.0246,51.901,4
"56","1",39.0462,25.49685,13.54935,15.6151,4
"56","2",1.79195,0.5285,1.26345,0.4771,4
"56","3",4.05525,2.05145,2.0038,1.6158,4
"57","1",19.64645,2.49735,17.1491,12.1904,4
"57","2",134.3966,55.0067,79.3899,74.2178,4
"57","3",439.5933,208.9079,230.6854,89.222,4
"58","1",2.76165,0.7157,2.04595,0.8223,4
"58","2",3.6416,0.6133,3.0283,1.2537,4
"58","3",294.7035,197.2497,97.4538,81.848,4
"59","1",57.5561,12.24095,45.31515,35.017,4
"59","2",101.5684,48.03345,53.53495,66.3954,4
"59","3",15.21425,4.06695,11.1473,8.5344,4
"6","1",251.6555,167.93185,83.72365,82.5146,4
"6","2",35.06405,16.03535,19.0287,22.6372,4
"6","3",73.39665,46.9724,26.42425,46.4537,4
"60","1",86.2473,47.96325,38.28405,35.6362,4
"60","2",6.0375,2.3034,3.7341,3.5376,4
"60","3",15.86735,2.17715,13.6902,10.1432,4
"61","1",6.57115,1.45805,5.1131,1.8486,4
"61","2",0.58815,0.0127,0.57545,0.2327,4
"61","3",8.341,2.4701,5.8709,5.1946,4
"62","2",137.8643,56.6218,81.2425,89.3241,4
"62","3",1.12315,0.3979,0.72525,0.8836,4
"63","1",1.50935,0.1356,1.37375,0.8508,4
"63","2",0.39275,0.0583,0.33445,0.1897,4
"63","3",14.0398,9.28605,4.75375,8.5025,4
"64","2",0.8823,0.02955,0.85275,0.2981,4
"64","3",255.831,175.47825,80.35275,97.6902,4
"65","1",139.0525,84.7153,54.3372,52.8351,4
"65","2",5.56845,2.0017,3.56675,2.0972,4
"65","3",10.437,6.023,4.414,6.5966,4
"66","1",11.16975,0.43365,10.7361,6.4687,4
"66","2",3.4021,0.6345,2.7676,2.1299,4
"67","1",201.4495,147.7323,53.7172,70.0611,4
"67","2",3.3597,0.7906,2.5691,1.2965,4
"68","3",5.31415,2.3071,3.00705,3.3836,4
"69","1",152.9478,62.68865,90.25915,92.0735,4
"69","2",62.14095,9.83665,52.3043,38.5452,4
"69","3",376.56855,245.20225,131.3663,97.7103,4
"7","1",0.41905,0.0526,0.36645,0.2078,4
"7","2",46.6614,3.0691,43.5923,30.7096,4
"7","3",94.7197,54.9736,39.7461,49.7526,4
"70","1",8.06725,0.64915,7.4181,4.2207,4
"70","2",45.21275,16.4063,28.80645,28.9486,4
"70","3",2.89975,1.0146,1.88515,1.3998,4
"71","1",2.15875,0.2122,1.94655,0.9725,4
"71","2",1.06815,0.03295,1.0352,0.3955,4
"71","3",362.15355,232.17435,129.9792,96.9743,4
"72","1",2.7701,1.0232,1.7469,0.9821,4
"72","2",26.17065,3.52795,22.6427,15.2531,4
"72","3",2.3198,0.7239,1.5959,0.9451,4
"73","1",31.6481,5.2652,26.3829,18.7792,4
"73","2",113.8211,56.816,57.0051,72.0379,4
"73","3",39.87145,13.42065,26.4508,23.4166,4
"74","1",117.28695,39.66235,77.6246,74.5505,4
"74","2",395.05645,370.69215,24.3643,99.9936,4
"74","3",41.38485,25.51485,15.87,20.8981,4
"75","1",46.55645,15.4366,31.11985,28.5291,4
"75","2",42.383,11.9748,30.4082,25.376,4
"75","3",16.03245,9.84805,6.1844,9.6107,4
"76","1",2.0219,0.28725,1.73465,0.6776,4
"76","2",39.01845,18.5079,20.51055,25.419,4
"76","3",306.53865,223.84485,82.6938,97.9589,4
"77","1",55.0043,10.97215,44.03215,34.9525,4
"77","2",35.87575,2.39425,33.4815,22.1928,4
"77","3",41.395,11.00545,30.38955,18.1582,4
"78","1",1.9114,0.27095,1.64045,0.7855,4
"78","2",30.42535,8.10725,22.3181,18.6619,4
"79","1",169.09,96.3531,72.7369,91.4968,4
"79","2",30.71355,9.4054,21.30815,19.5182,4
"79","3",40.28095,23.01545,17.2655,24.1757,4
"8","1",1.9275,0.1783,1.7492,0.6195,4
"8","2",4.49165,0.5315,3.96015,1.7275,4
"80","1",242.023,153.82715,88.19585,96.174,4
"80","2",26.4727,9.97425,16.49845,16.1316,4
"80","3",90.2313,56.1529,34.0784,49.0209,4
"81","1",0.9157,0.0294,0.8863,0.4718,4
"81","2",151.9207,104.05085,47.86985,99.8173,4
"81","3",115.7616,62.49835,53.26325,76.2237,4
"82","1",7.11345,1.90265,5.2108,2.3244,4
"82","2",127.78085,14.96035,112.8205,84.1327,4
"82","3",26.56085,6.269,20.29185,15.9447,4
"83","1",71.8917,32.4226,39.4691,45.5208,4
"83","2",7.46575,1.3486,6.11715,4.4818,4
"83","3",86.1809,61.013,25.1679,38.6785,4
"84","1",2.06875,0.39635,1.6724,0.6861,4
"84","2",53.08795,0.98845,52.0995,34.3226,4
"84","3",1.67085,0.0933,1.57755,0.4424,4
"85","1",121.1657,23.67405,97.49165,77.9139,4
"85","2",27.73155,5.29085,22.4407,16.5863,4
"85","3",158.3003,74.68815,83.61215,76.0189,4
"86","1",12.6443,3.3936,9.2507,7.7929,4
"86","2",30.9018,8.92835,21.97345,20.0356,4
"86","3",46.38795,23.87395,22.514,30.1288,4
"87","1",28.00495,8.8337,19.17125,11.5667,4
"87","2",20.6803,0.73035,19.94995,12.9981,4
"87","3",22.50755,9.944,12.56355,13.3539,4
"88","1",25.408,4.602,20.806,13.9659,4
"88","2",2.0516,0.6204,1.4312,1.1825,4
"88","3",29.6448,15.713,13.9318,19.0946,4
"89","1",36.7706,3.2899,33.4807,23.0348,4
"89","2",20.20965,1.198,19.01165,13.0022,4
"89","3",7.0634,1.41785,5.64555,1.7958,4
"9","1",7.672,1.86525,5.80675,4.0907,4
"9","2",4.1581,1.67805,2.48005,1.7716,4
"9","3",10.44635,3.7997,6.64665,6.419,4
"90","1",7.76895,1.8163,5.95265,2.532,4
"90","2",9.0801,1.6627,7.4174,4.4187,4
"90","3",79.7516,42.61835,37.13325,49.1896,4
"91","3",138.5158,98.62215,39.89365,47.6715,4
"92","1",19.4974,4.3426,15.1548,8.068,4
"92","2",202.73035,148.81865,53.9117,96.404,4
"92","3",18.73625,11.77745,6.9588,10.7174,4
"93","1",7.75165,2.47455,5.2771,3.8947,4
"93","2",114.4468,48.4709,65.9759,75.3498,4
"93","3",26.7735,14.55915,12.21435,14.2927,4
"94","1",246.59365,171.4549,75.13875,88.3142,4
"94","2",41.94505,16.1459,25.79915,26.0484,4
"94","3",105.0239,56.7467,48.2772,39.2113,4
"95","1",369.8503,260.00315,109.84715,99.2757,4
"95","2",217.1899,163.8247,53.3652,99.9937,4
"95","3",500.1947,428.67525,71.51945,99.7801,4
"96","1",416.6137,335.59965,81.01405,99.8976,4
"96","2",17.54905,1.11235,16.4367,9.8872,4
"96","3",6.35165,1.13885,5.2128,3.4802,4
"97","1",8.3073,3.01715,5.29015,2.2003,4
"97","2",8.86395,0.5896,8.27435,4.8346,4
"97","3",20.9564,7.59435,13.36205,6.5108,4
"98","1",35.4351,7.54135,27.89375,20.2586,4
"98","2",4.15625,0.56575,3.5905,1.2653,4
"98","3",110.537,53.0547,57.4823,57.1823,4
"99","2",176.0484,112.2748,63.7736,84.8625,4
"99","3",4.2191,0.63175,3.58735,1.7451,4
"M1","1",323.01305,255.7558,67.25725,85.2569,4
"M100","3",0.71215,0.03175,0.6804,0.1976,4
"M108","3",7.9661,2.05435,5.91175,5.1975,4
"M114","2",5.49155,1.14125,4.3503,2.7516,4
"M115","1",93.45565,46.62505,46.8306,44.7446,4
"M13","1",83.503,37.7011,45.8019,45.0297,4
"M147","1",3.4591,0.51305,2.94605,1.6806,4
"M150","1",6.73685,2.60845,4.1284,2.4282,4
"M150","2",34.96715,2.4737,32.49345,21.6587,4
"M156","3",171.95585,90.55435,81.4015,75.8735,4
"M159","2",158.54915,113.5392,45.00995,95.2255,4
"M163","1",95.61255,71.2083,24.40425,33.6388,4
"M163","3",78.93795,52.07005,26.8679,38.2788,4
"M166","3",117.6757,66.7401,50.9356,51.3954,4
"M175","3",49.16175,28.4684,20.69335,26.2169,4
"M202","2",32.15835,1.1731,30.98525,21.2829,4
"M221","1",12.83915,5.88215,6.957,3.4909,4
"M232","1",4.6883,0.80995,3.87835,2.1569,4
"M234","3",NA,NA,NA,10.6797,1
"M239","3",0.5178,0.0735,0.4443,0.3121,3
"M241","3",42.47465,20.4818,21.99285,26.8143,4
"M242","1",401.3029,342.81655,58.48635,95.7118,4
"M244","2",0.61925,0.0278,0.59145,0.1997,4
"M249","1",84.1726,45.0973,39.0753,35.1013,4
"M251","1",1.7561,0.4251,1.331,0.7292,4
"M259","3",160.1811,81.9336,78.2475,73.7441,4
"M26","3",1.8365,0.24145,1.59505,0.4646,4
"M279","1",248.3025,187.26565,61.03685,78.3299,4
"M29","1",188.0044,109.89505,78.10935,69.71,4
"M295","3",45.39835,2.3497,43.04865,27.6367,4
"M302","3",108.4584,65.53455,42.92385,70.124,4
"M305","1",364.9536,299.24485,65.70875,86.2735,4
"M315","2",19.50775,6.18965,13.3181,12.1032,4
"M32","2",134.45075,21.4749,112.97585,85.7333,4
"M326","1",6.243,2.6095,3.6335,1.8857,4
"M42","2",157.4533,98.0343,59.419,83.7568,4
"M44","3",151.31845,80.77055,70.5479,65.0781,4
"M45","2",108.6353,26.3454,82.2899,70.2961,4
"M45","3",61.423,27.45085,33.97215,35.2171,4
"M5","2",3.1309,0.40975,2.72115,1.699,4
"M70","2",68.57925,20.2567,48.32255,42.4923,4
"M74","2",107.3771,57.72855,49.64855,60.545,4
"M82","2",143.55905,75.26565,68.2934,81.1246,4
"M93","2",77.9545,22.048,55.9065,46.7767,4
"M94","2",1.3947,0.0516,1.3431,0.7252,4
"M97","3",224.07185,143.1403,80.93155,97.9819,4
"R1","1",30.8917,10.54985,20.34185,10.2207,4
"R103","1",4.5364,0.81495,3.72145,1.4717,4
"R108","3",7.94715,3.30405,4.6431,3.3048,4
"R118","2",26.16855,5.343,20.82555,12.1835,4
"R123","2",146.78435,74.8889,71.89545,84.0901,4
"R127","1",6.23345,0.6714,5.56205,1.8553,4
"R13","1",15.16595,8.7743,6.39165,6.6188,4
"R134","3",23.5505,11.5207,12.0298,12.6334,4
"R152","3",8.7018,3.6844,5.0174,4.2759,4
"R155","2",35.79965,12.2971,23.50255,19.1994,4
"R156","1",14.27425,4.0504,10.22385,4.2741,4
"R157","3",12.85625,3.12185,9.7344,5.2953,4
"R165","3",38.83205,20.81915,18.0129,20.8699,4
"R17","2",114.54035,38.9127,75.62765,73.2408,4
"R178","3",118.1173,67.71295,50.40435,70.3902,4
"R18","1",19.0079,5.38915,13.61875,8.6715,4
"R195","2",7.72405,1.33695,6.3871,3.6807,4
"R197","2",55.61455,25.63065,29.9839,29.3026,4
"R215","3",7.9066,2.6699,5.2367,2.9703,4
"R219","3",72.77885,31.3774,41.40145,42.5715,4
"R234","3",NA,NA,NA,0.4518,1
"R237","1",24.9307,9.43615,15.49455,10.2165,4
"R239","3",5.0028,0.8568,4.146,2.9041,3
"R240","2",13.25865,3.08885,10.1698,6.447,4
"R241","3",21.3212,9.5954,11.7258,13.5292,4
"R244","2",9.69225,1.03535,8.6569,3.1353,4
"R248","2",29.07295,5.56525,23.5077,16.4455,4
"R249","1",38.4191,11.3519,27.0672,14.799,4
"R256","1",9.3703,6.0368,3.3335,3.1487,4
"R270","1",140.09125,111.1864,28.90485,36.7485,4
"R285","1",4.7774,1.1873,3.5901,1.2066,4
"R318","1",17.2714,7.44805,9.82335,7.013,4
"R33","3",25.1217,6.07455,19.04715,15.1656,4
"R37","2",16.40225,3.94135,12.4609,8.5436,4
"R38","2",9.3519,3.0196,6.3323,5.4668,4
"R4","2",5.4562,1.63835,3.81785,2.4658,4
"R45","3",137.60095,102.64825,34.9527,77.374,4
"R54","2",7.6552,0.61005,7.04515,4.3554,4
"R69","3",33.2395,16.3702,16.8693,20.5758,4
"R71","3",98.79965,63.37415,35.4255,55.4059,4
"R72","2",15.52155,2.53795,12.9836,6.5801,4
"R79","1",10.5697,3.00155,7.56815,3.8412,4
"R82","2",5.29235,0.6681,4.62425,2.164,4
"R83","1",9.49775,2.40965,7.0881,3.0159,4
"R90","3",3.06155,0.4754,2.58615,1.0077,4
